Workbook

Sheet Ticket Register
A1: IT Service Desk Ticket Register (SAMPLE / LAB DATA)
A2: Legend: yellow cells are inputs (edit them). Priority is calculated from Impact and Urgency using the 'Priority Matrix' sheet. All tickets below are illustrative lab examples, not real incidents. Replace dates and notes with your own lab results.
A4: Ticket ID | B4: Date reported | C4: Issue description | D4: Category | E4: Impact | F4: Urgency | G4: Priority | H4: Troubleshooting steps | I4: Status | J4: Resolution or escalation notes
A5: INC001 | B5: 2026-10-12 | C5: Laptop very slow; applications freeze | D5: Windows | E5: Low | F5: Medium | G5: =IFERROR(INDEX('Priority Matrix'!$B$5:$D$7,MATCH(E5,'Priority Matrix'!$A$5:$A$7,0),MATCH(F5,'Priority Matrix'!$B$4:$D$4,0)),"") -> Low | H5: 1) Opened Task Manager. 2) Memory at 92% from browser with many tabs. 3) User saved work, browser restarted. 4) Checked for pending updates. 5) Re-tested. | I5: Resolved | J5: Performance normal after browser restart. Advised user to close unused tabs.
A6: INC002 | B6: 2026-10-12 | C6: One laptop cannot connect to Wi-Fi | D6: Network | E6: Low | F6: High | G6: =IFERROR(INDEX('Priority Matrix'!$B$5:$D$7,MATCH(E6,'Priority Matrix'!$A$5:$A$7,0),MATCH(F6,'Priority Matrix'!$B$4:$D$4,0)),"") -> Medium | H6: 1) Confirmed Wi-Fi enabled, airplane mode off. 2) ipconfig showed 169.254.x.x address. 3) Reconnected to network, re-checked ipconfig. | I6: Investigating | J6: Awaiting DHCP check; monitoring after reconnect.
A7: INC003 | B7: 2026-10-13 | C7: Multiple employees cannot access a critical business application | D7: Application | E7: High | F7: High | G7: =IFERROR(INDEX('Priority Matrix'!$B$5:$D$7,MATCH(E7,'Priority Matrix'!$A$5:$A$7,0),MATCH(F7,'Priority Matrix'!$B$4:$D$4,0)),"") -> High | H7: 1) Confirmed 6 users affected. 2) Verified users' network connectivity OK. 3) Application unreachable from multiple devices. | I7: Escalated | J7: Escalated to application support team with scope, error text and affected-user list per incident procedure.
A8: INC004 | B8: 2026-10-13 | C8: Outlook will not open; error on launch | D8: Application | E8: Low | F8: Medium | G8: =IFERROR(INDEX('Priority Matrix'!$B$5:$D$7,MATCH(E8,'Priority Matrix'!$A$5:$A$7,0),MATCH(F8,'Priority Matrix'!$B$4:$D$4,0)),"") -> Low | H8: 1) Recorded exact error message. 2) Confirmed network OK. 3) Closed app via Task Manager and reopened. 4) Checked for known service issues. | I8: Resolved | J8: Application opened normally after full close and reopen.
A9: INC005 | B9: 2026-10-14 | C9: Teams stuck on loading screen | D9: Application | E9: Low | F9: Medium | G9: =IFERROR(INDEX('Priority Matrix'!$B$5:$D$7,MATCH(E9,'Priority Matrix'!$A$5:$A$7,0),MATCH(F9,'Priority Matrix'!$B$4:$D$4,0)),"") -> Low | H9: 1) Verified internet connectivity. 2) Restarted Teams. 3) Tested other apps: all fine (app-specific issue). | I9: Resolved | J9: Restart resolved issue; user confirmed.
A10: INC006 | B10: 2026-10-14 | C10: User cannot sign in; account locked | D10: Account Access | E10: Low | F10: High | G10: =IFERROR(INDEX('Priority Matrix'!$B$5:$D$7,MATCH(E10,'Priority Matrix'!$A$5:$A$7,0),MATCH(F10,'Priority Matrix'!$B$4:$D$4,0)),"") -> Medium | H10: 1) Confirmed exact error and affected service. 2) Identified issue as account, not device. 3) Explained authorized reset procedure. (Simulated) | I10: Escalated | J10: Routed to identity/access team per procedure after identity verification. (Lab simulation)
A11: INC007 | B11: 2026-10-15 | C11: Websites not loading; internal apps work | D11: Network | E11: Low | F11: Medium | G11: =IFERROR(INDEX('Priority Matrix'!$B$5:$D$7,MATCH(E11,'Priority Matrix'!$A$5:$A$7,0),MATCH(F11,'Priority Matrix'!$B$4:$D$4,0)),"") -> Low | H11: 1) ipconfig OK. 2) ping gateway OK. 3) ping 8.8.8.8 OK. 4) nslookup example.com failed, indicating DNS resolution issue. | I11: Escalated | J11: Escalated to network team with ipconfig, ping and nslookup outputs attached.
A12: INC008 | B12: 2026-10-15 | C12: Printer not listed on user's laptop | D12: Hardware / Peripheral | E12: Low | F12: Low | G12: =IFERROR(INDEX('Priority Matrix'!$B$5:$D$7,MATCH(E12,'Priority Matrix'!$A$5:$A$7,0),MATCH(F12,'Priority Matrix'!$B$4:$D$4,0)),"") -> Low | H12: 1) Confirmed user is on corporate network. 2) Checked printer list. 3) Documented steps for adding printer per procedure. | I12: Resolved | J12: Printer re-added by user following guidance.
A13: INC009 | B13: 2026-10-16 | C13: Whole department reports VPN not connecting | D13: Network | E13: High | F13: High | G13: =IFERROR(INDEX('Priority Matrix'!$B$5:$D$7,MATCH(E13,'Priority Matrix'!$A$5:$A$7,0),MATCH(F13,'Priority Matrix'!$B$4:$D$4,0)),"") -> High | H13: 1) Confirmed 12 users affected. 2) Verified local connectivity on sample devices. 3) Collected error screenshots. | I13: Escalated | J13: Escalated immediately as major incident per escalation procedure; user updates sent.
A14: INC010 | B14: 2026-10-16 | C14: Laptop restarts unexpectedly after updates | D14: Windows | E14: Medium | F14: Medium | G14: =IFERROR(INDEX('Priority Matrix'!$B$5:$D$7,MATCH(E14,'Priority Matrix'!$A$5:$A$7,0),MATCH(F14,'Priority Matrix'!$B$4:$D$4,0)),"") -> Medium | H14: 1) Collected symptoms and timing. 2) Checked for pending updates. 3) Advised user to save work and restart. 4) Monitoring. | I14: Investigating | J14: Awaiting confirmation whether restarts continue; will escalate to desktop support if recurring.
A15: INC011 | G15: =IFERROR(INDEX('Priority Matrix'!$B$5:$D$7,MATCH(E15,'Priority Matrix'!$A$5:$A$7,0),MATCH(F15,'Priority Matrix'!$B$4:$D$4,0)),"")
A16: INC012 | G16: =IFERROR(INDEX('Priority Matrix'!$B$5:$D$7,MATCH(E16,'Priority Matrix'!$A$5:$A$7,0),MATCH(F16,'Priority Matrix'!$B$4:$D$4,0)),"")
A17: INC013 | G17: =IFERROR(INDEX('Priority Matrix'!$B$5:$D$7,MATCH(E17,'Priority Matrix'!$A$5:$A$7,0),MATCH(F17,'Priority Matrix'!$B$4:$D$4,0)),"")
A18: INC014 | G18: =IFERROR(INDEX('Priority Matrix'!$B$5:$D$7,MATCH(E18,'Priority Matrix'!$A$5:$A$7,0),MATCH(F18,'Priority Matrix'!$B$4:$D$4,0)),"")
A19: INC015 | G19: =IFERROR(INDEX('Priority Matrix'!$B$5:$D$7,MATCH(E19,'Priority Matrix'!$A$5:$A$7,0),MATCH(F19,'Priority Matrix'!$B$4:$D$4,0)),"")
A20: INC016 | G20: =IFERROR(INDEX('Priority Matrix'!$B$5:$D$7,MATCH(E20,'Priority Matrix'!$A$5:$A$7,0),MATCH(F20,'Priority Matrix'!$B$4:$D$4,0)),"")
A21: INC017 | G21: =IFERROR(INDEX('Priority Matrix'!$B$5:$D$7,MATCH(E21,'Priority Matrix'!$A$5:$A$7,0),MATCH(F21,'Priority Matrix'!$B$4:$D$4,0)),"")
A22: INC018 | G22: =IFERROR(INDEX('Priority Matrix'!$B$5:$D$7,MATCH(E22,'Priority Matrix'!$A$5:$A$7,0),MATCH(F22,'Priority Matrix'!$B$4:$D$4,0)),"")
A23: INC019 | G23: =IFERROR(INDEX('Priority Matrix'!$B$5:$D$7,MATCH(E23,'Priority Matrix'!$A$5:$A$7,0),MATCH(F23,'Priority Matrix'!$B$4:$D$4,0)),"")
A24: INC020 | G24: =IFERROR(INDEX('Priority Matrix'!$B$5:$D$7,MATCH(E24,'Priority Matrix'!$A$5:$A$7,0),MATCH(F24,'Priority Matrix'!$B$4:$D$4,0)),"")

Sheet Priority Matrix
A1: Impact / Urgency Priority Matrix
A2: Rows = Impact, Columns = Urgency. Simplified example matrix; real organizations define their own.
A4: Impact \ Urgency | B4: High | C4: Medium | D4: Low
A5: High | B5: High | C5: High | D5: Medium
A6: Medium | B6: High | C6: Medium | D6: Low
A7: Low | B7: Medium | C7: Low | D7: Low
A9: Definitions
A10: High: critical business service unavailable or several users affected.
A11: Medium: one user or limited group significantly affected; workaround may exist.
A12: Low: minor issue with little business impact.

Sheet Summary
A1: Ticket Summary
A3: By Status
A4: New | B4: =COUNTIF('Ticket Register'!$I$5:$I$24,A4) -> 0
A5: Investigating | B5: =COUNTIF('Ticket Register'!$I$5:$I$24,A5) -> 2
A6: Resolved | B6: =COUNTIF('Ticket Register'!$I$5:$I$24,A6) -> 4
A7: Escalated | B7: =COUNTIF('Ticket Register'!$I$5:$I$24,A7) -> 4
A8: Closed | B8: =COUNTIF('Ticket Register'!$I$5:$I$24,A8) -> 0
A10: Total tickets | B10: =COUNTA('Ticket Register'!$C$5:$C$24) -> 10
A12: By Priority
A13: High | B13: =COUNTIF('Ticket Register'!$G$5:$G$24,A13) -> 2
A14: Medium | B14: =COUNTIF('Ticket Register'!$G$5:$G$24,A14) -> 3
A15: Low | B15: =COUNTIF('Ticket Register'!$G$5:$G$24,A15) -> 5
A17: By Category
A18: Windows | B18: =COUNTIF('Ticket Register'!$D$5:$D$24,A18) -> 2
A19: Network | B19: =COUNTIF('Ticket Register'!$D$5:$D$24,A19) -> 3
A20: Application | B20: =COUNTIF('Ticket Register'!$D$5:$D$24,A20) -> 3
A21: Account Access | B21: =COUNTIF('Ticket Register'!$D$5:$D$24,A21) -> 1
A22: Hardware / Peripheral | B22: =COUNTIF('Ticket Register'!$D$5:$D$24,A22) -> 1
A23: Other | B23: =COUNTIF('Ticket Register'!$D$5:$D$24,A23) -> 0
